[{
  "_id": {
    "$oid": "635beca931edb42af9610ab9"
  },
  "user": {
    "$oid": "6310d0aba7a6e8b83c3b8f7e"
  },
  "deliveryAddress": "Ha Noi",
  "fullName": "duong dong",
  "phoneNumber": "0359933921",
  "status": false,
  "cancel": false,
  "deleted": false,
  "createdAt": {
    "$date": {
      "$numberLong": "1666968745106"
    }
  },
  "updatedAt": {
    "$date": {
      "$numberLong": "1666968745106"
    }
  },
  "__v": 0
},{
  "_id": {
    "$oid": "635becc131edb42af9610b2a"
  },
  "user": {
    "$oid": "635507a521e1cdea2cb25674"
  },
  "deliveryAddress": "Ha Noi",
  "fullName": "duong dong",
  "phoneNumber": "0359933921",
  "status": false,
  "cancel": false,
  "deleted": false,
  "createdAt": {
    "$date": {
      "$numberLong": "1666968769984"
    }
  },
  "updatedAt": {
    "$date": {
      "$numberLong": "1666968769984"
    }
  },
  "__v": 0
},{
  "_id": {
    "$oid": "635becd831edb42af9610b77"
  },
  "user": {
    "$oid": "635507a521e1cdea2cb25674"
  },
  "deliveryAddress": "Ha Noi",
  "fullName": "nguyen van an",
  "phoneNumber": "0359933921",
  "status": false,
  "cancel": false,
  "deleted": false,
  "createdAt": {
    "$date": {
      "$numberLong": "1666968792274"
    }
  },
  "updatedAt": {
    "$date": {
      "$numberLong": "1666968792274"
    }
  },
  "__v": 0
},{
  "_id": {
    "$oid": "635bed0231edb42af9610bed"
  },
  "user": {
    "$oid": "630f78dc6812ccc7b066b2cc"
  },
  "deliveryAddress": "Ha Noi",
  "fullName": "Nguyen Van long",
  "phoneNumber": "0359933921",
  "status": true,
  "cancel": false,
  "deleted": false,
  "createdAt": {
    "$date": {
      "$numberLong": "1666968834431"
    }
  },
  "updatedAt": {
    "$date": {
      "$numberLong": "1667227670311"
    }
  },
  "__v": 0
},{
  "_id": {
    "$oid": "635bed1931edb42af9610c3b"
  },
  "user": {
    "$oid": "630f78dc6812ccc7b066b2cc"
  },
  "deliveryAddress": "Ha Noi",
  "fullName": "Dong Van Duong",
  "phoneNumber": "0359933921",
  "status": false,
  "cancel": false,
  "deleted": false,
  "createdAt": {
    "$date": {
      "$numberLong": "1666968857303"
    }
  },
  "updatedAt": {
    "$date": {
      "$numberLong": "1666968857303"
    }
  },
  "__v": 0
},{
  "_id": {
    "$oid": "635bfaf431edb42af9610f6c"
  },
  "user": {
    "$oid": "631079d035df2a2b44fe03c6"
  },
  "deliveryAddress": "Ha Noi",
  "fullName": "Hang Hoa",
  "phoneNumber": "0359933921",
  "status": false,
  "cancel": false,
  "deleted": false,
  "createdAt": {
    "$date": {
      "$numberLong": "1666972404257"
    }
  },
  "updatedAt": {
    "$date": {
      "$numberLong": "1666972404257"
    }
  },
  "__v": 0
},{
  "_id": {
    "$oid": "635bfb2331edb42af9610fda"
  },
  "user": {
    "$oid": "630f7f406812ccc7b066b2dd"
  },
  "deliveryAddress": "Ha Noi",
  "fullName": "duong dong",
  "phoneNumber": "0359933921",
  "status": false,
  "cancel": false,
  "deleted": false,
  "createdAt": {
    "$date": {
      "$numberLong": "1666972451915"
    }
  },
  "updatedAt": {
    "$date": {
      "$numberLong": "1666972451915"
    }
  },
  "__v": 0
},{
  "_id": {
    "$oid": "635d51f16a7562cc68966b98"
  },
  "user": {
    "$oid": "63301a9121deacf2693feab2"
  },
  "deliveryAddress": "Ha Noi",
  "fullName": "duong dong",
  "phoneNumber": "0359933921",
  "status": false,
  "cancel": false,
  "deleted": false,
  "createdAt": {
    "$date": {
      "$numberLong": "1667060209674"
    }
  },
  "updatedAt": {
    "$date": {
      "$numberLong": "1667060209674"
    }
  },
  "__v": 0
},{
  "_id": {
    "$oid": "635d578508985df0e6091860"
  },
  "user": {
    "$oid": "63301a9121deacf2693feab2"
  },
  "deliveryAddress": "Ha Noi",
  "fullName": "duong dong",
  "phoneNumber": "0359933921",
  "status": false,
  "cancel": true,
  "deleted": false,
  "createdAt": {
    "$date": {
      "$numberLong": "1667061637124"
    }
  },
  "updatedAt": {
    "$date": {
      "$numberLong": "1667228445118"
    }
  },
  "__v": 0
},{
  "_id": {
    "$oid": "635d57d208985df0e60918d4"
  },
  "user": {
    "$oid": "630f7f406812ccc7b066b2dd"
  },
  "deliveryAddress": "Bac Giang",
  "fullName": "Nguyen Van Anh",
  "phoneNumber": "0359933921",
  "status": false,
  "cancel": false,
  "deleted": false,
  "createdAt": {
    "$date": {
      "$numberLong": "1667061714227"
    }
  },
  "updatedAt": {
    "$date": {
      "$numberLong": "1667061714227"
    }
  },
  "__v": 0
},{
  "_id": {
    "$oid": "635d57f608985df0e6091928"
  },
  "user": {
    "$oid": "630f7f406812ccc7b066b2dd"
  },
  "deliveryAddress": "Bac Giang",
  "fullName": "Dong Van Duong",
  "phoneNumber": "0975350446",
  "status": false,
  "cancel": false,
  "deleted": false,
  "createdAt": {
    "$date": {
      "$numberLong": "1667061750474"
    }
  },
  "updatedAt": {
    "$date": {
      "$numberLong": "1667061750474"
    }
  },
  "__v": 0
},{
  "_id": {
    "$oid": "635d585408985df0e609197c"
  },
  "user": {
    "$oid": "630f7f406812ccc7b066b2dd"
  },
  "deliveryAddress": "Lao Cai",
  "fullName": "Pham Van Linh",
  "phoneNumber": "0928883721",
  "status": false,
  "cancel": false,
  "deleted": false,
  "createdAt": {
    "$date": {
      "$numberLong": "1667061844499"
    }
  },
  "updatedAt": {
    "$date": {
      "$numberLong": "1667061844499"
    }
  },
  "__v": 0
},{
  "_id": {
    "$oid": "635d586b08985df0e60919d8"
  },
  "user": {
    "$oid": "630f7f406812ccc7b066b2dd"
  },
  "deliveryAddress": "Ha Tay",
  "fullName": "Nguyen Van Hao",
  "phoneNumber": "0193817221",
  "status": false,
  "cancel": false,
  "deleted": false,
  "createdAt": {
    "$date": {
      "$numberLong": "1667061867260"
    }
  },
  "updatedAt": {
    "$date": {
      "$numberLong": "1667061867260"
    }
  },
  "__v": 0
},{
  "_id": {
    "$oid": "635d58d108985df0e6091a75"
  },
  "user": {
    "$oid": "635507a521e1cdea2cb25674"
  },
  "deliveryAddress": "Da Nang",
  "fullName": "Nguyen Vann Hoan",
  "phoneNumber": "0183871661",
  "status": false,
  "cancel": false,
  "deleted": false,
  "createdAt": {
    "$date": {
      "$numberLong": "1667061969961"
    }
  },
  "updatedAt": {
    "$date": {
      "$numberLong": "1667061969961"
    }
  },
  "__v": 0
},{
  "_id": {
    "$oid": "635d58fb08985df0e6091ac2"
  },
  "user": {
    "$oid": "635507a521e1cdea2cb25674"
  },
  "deliveryAddress": "Hai Phong",
  "fullName": "Nguyen Van Thuy",
  "phoneNumber": "0938288811",
  "status": false,
  "cancel": false,
  "deleted": false,
  "createdAt": {
    "$date": {
      "$numberLong": "1667062011031"
    }
  },
  "updatedAt": {
    "$date": {
      "$numberLong": "1667062011031"
    }
  },
  "__v": 0
},{
  "_id": {
    "$oid": "635d596808985df0e6091b31"
  },
  "user": {
    "$oid": "635507a521e1cdea2cb25674"
  },
  "deliveryAddress": "Bac Ninh",
  "fullName": "Nguyen Van Chung",
  "phoneNumber": "019381812113",
  "status": false,
  "cancel": true,
  "deleted": false,
  "createdAt": {
    "$date": {
      "$numberLong": "1667062120792"
    }
  },
  "updatedAt": {
    "$date": {
      "$numberLong": "1667288247226"
    }
  },
  "__v": 0
},{
  "_id": {
    "$oid": "635d69bcbd811c14bbae637e"
  },
  "user": {
    "$oid": "6310d0aba7a6e8b83c3b8f7e"
  },
  "deliveryAddress": "Ha Noi",
  "fullName": "duong dong",
  "phoneNumber": "0359933921",
  "status": true,
  "cancel": false,
  "deleted": false,
  "createdAt": {
    "$date": {
      "$numberLong": "1667066300437"
    }
  },
  "updatedAt": {
    "$date": {
      "$numberLong": "1667066353538"
    }
  },
  "__v": 0
},{
  "_id": {
    "$oid": "635dd5e7ca662b6c157f6661"
  },
  "user": {
    "$oid": "6310d0aba7a6e8b83c3b8f7e"
  },
  "deliveryAddress": "Ha Noi",
  "fullName": "duong dong",
  "phoneNumber": "0359933921",
  "status": false,
  "cancel": false,
  "deleted": false,
  "createdAt": {
    "$date": {
      "$numberLong": "1635557991668"
    }
  },
  "updatedAt": {
    "$date": {
      "$numberLong": "1667093991668"
    }
  },
  "__v": 0
},{
  "_id": {
    "$oid": "635dd8cfac0d1e201d387256"
  },
  "user": {
    "$oid": "6310d0aba7a6e8b83c3b8f7e"
  },
  "deliveryAddress": "Ha Noi",
  "fullName": "duong dong",
  "phoneNumber": "0359933921",
  "status": false,
  "cancel": false,
  "deleted": false,
  "createdAt": {
    "$date": {
      "$numberLong": "1635558735432"
    }
  },
  "updatedAt": {
    "$date": {
      "$numberLong": "1667094735432"
    }
  },
  "__v": 0
},{
  "_id": {
    "$oid": "635e35be82d241a625bd57f3"
  },
  "user": {
    "$oid": "630f78dc6812ccc7b066b2cc"
  },
  "deliveryAddress": "Ha Noi",
  "fullName": "duong dong",
  "phoneNumber": "0359933921",
  "status": false,
  "cancel": false,
  "deleted": false,
  "createdAt": {
    "$date": {
      "$numberLong": "1664526527000"
    }
  },
  "updatedAt": {
    "$date": {
      "$numberLong": "1667118527000"
    }
  },
  "__v": 0
},{
  "_id": {
    "$oid": "635fe0e20accc3aa494c1d52"
  },
  "user": {
    "$oid": "630f78dc6812ccc7b066b2cc"
  },
  "deliveryAddress": "Ha Noi",
  "fullName": "duong dong",
  "phoneNumber": "0359933921",
  "status": true,
  "cancel": false,
  "deleted": false,
  "createdAt": {
    "$date": {
      "$numberLong": "1667227874730"
    }
  },
  "updatedAt": {
    "$date": {
      "$numberLong": "1667227904606"
    }
  },
  "__v": 0
},{
  "_id": {
    "$oid": "636095209cb51d28014fb779"
  },
  "user": {
    "$oid": "63608aac9cb51d28014fb63f"
  },
  "deliveryAddress": "Ha noi",
  "fullName": "duong dong",
  "phoneNumber": "0957455665",
  "status": false,
  "cancel": true,
  "deleted": false,
  "createdAt": {
    "$date": {
      "$numberLong": "1667274016064"
    }
  },
  "updatedAt": {
    "$date": {
      "$numberLong": "1667274029828"
    }
  },
  "__v": 0
},{
  "_id": {
    "$oid": "6360954b9cb51d28014fb7e7"
  },
  "user": {
    "$oid": "63608aac9cb51d28014fb63f"
  },
  "deliveryAddress": "Ha Noi",
  "fullName": "duong dong",
  "phoneNumber": "0359933921",
  "status": false,
  "cancel": false,
  "deleted": false,
  "createdAt": {
    "$date": {
      "$numberLong": "1667274059368"
    }
  },
  "updatedAt": {
    "$date": {
      "$numberLong": "1667274059368"
    }
  },
  "__v": 0
},{
  "_id": {
    "$oid": "6360990f9cb51d28014fbc12"
  },
  "user": {
    "$oid": "630f78dc6812ccc7b066b2cc"
  },
  "deliveryAddress": "Ha Noi",
  "fullName": "duong dong",
  "phoneNumber": "0359933921",
  "status": true,
  "cancel": false,
  "deleted": false,
  "createdAt": {
    "$date": {
      "$numberLong": "1667275023685"
    }
  },
  "updatedAt": {
    "$date": {
      "$numberLong": "1667275059785"
    }
  },
  "__v": 0
}]